filename,width,height,class,xmin,ymin,xmax,ymax
0146ef3.jpg,2100,1400,Fish,196,23,1750,1286
01eecc1.jpg,2100,1400,Fish,19,738,1729,970
029b861.jpg,2100,1400,Fish,686,739,2098,1157
034ef1c.jpg,2100,1400,Fish,0,260,1982,758
05c0dfb.jpg,2100,1400,Fish,29,22,1075,1391
0697495.jpg,2100,1400,Fish,0,225,1656,762
06b7be8.jpg,2100,1400,Fish,820,191,2098,752
08f255e.jpg,2100,1400,Fish,12,675,1456,1037
0aaa3dd.jpg,2100,1400,Fish,192,12,2090,14
0b652e1.jpg,2100,1400,Fish,387,785,1711,1310
0c95a41.jpg,2100,1400,Fish,379,513,2098,518
0d24e80.jpg,2100,1400,Fish,15,312,2098,890
0d6d044.jpg,2100,1400,Fish,1609,160,2075,643
0d90683.jpg,2100,1400,Fish,32,532,501,1309
0dab774.jpg,2100,1400,Fish,347,681,1717,761
0eba747.jpg,2100,1400,Fish,1055,919,2098,1398
0f9a390.jpg,2100,1400,Fish,826,790,2043,1398
100bcc1.jpg,2100,1400,Fish,96,1,2098,1351
105edca.jpg,2100,1400,Fish,427,85,1689,675
10ed865.jpg,2100,1400,Fish,42,651,1472,1400
11e8e7b.jpg,2100,1400,Fish,95,929,1677,953
12252ea.jpg,2100,1400,Fish,19,13,2088,623
13eb96d.jpg,2100,1400,Fish,802,169,2098,177
1493053.jpg,2100,1400,Fish,31,350,1534,729
150c061.jpg,2100,1400,Fish,20,303,1043,1314
160114e.jpg,2100,1400,Fish,927,913,2097,937
161d598.jpg,2100,1400,Fish,203,764,2098,767
17c3776.jpg,2100,1400,Fish,217,182,1307,184
195f280.jpg,2100,1400,Fish,882,741,2025,1109
198a756.jpg,2100,1400,Fish,556,45,1991,265
1abdd52.jpg,2100,1400,Fish,97,45,2002,919
1b8a5c0.jpg,2100,1400,Fish,373,716,1975,1157
1bd1af7.jpg,2100,1400,Fish,10,10,2071,445
1bf444c.jpg,2100,1400,Fish,6,694,2098,1020
1cb3f58.jpg,2100,1400,Fish,590,37,1447,577
1e40a05.jpg,2100,1400,Fish,372,39,1911,491
1f9dc0a.jpg,2100,1400,Fish,6,849,1695,1196
2034eb0.jpg,2100,1400,Fish,67,427,1004,900
20ce8a1.jpg,2100,1400,Fish,215,233,2098,1056
2122e58.jpg,2100,1400,Fish,696,1,2098,895
220cb00.jpg,2100,1400,Fish,864,735,2093,1400
26a68cf.jpg,2100,1400,Fish,554,1,1905,770
270dbf3.jpg,2100,1400,Fish,248,10,2077,834
274bdf4.jpg,2100,1400,Fish,894,994,2096,1363
2a77bb5.jpg,2100,1400,Fish,108,78,2070,1304
2b76910.jpg,2100,1400,Fish,29,1,2091,1021
2b7f6e9.jpg,2100,1400,Fish,945,166,1972,341
2c2d56a.jpg,2100,1400,Fish,1355,29,1983,413
2c6b0db.jpg,2100,1400,Fish,549,34,1661,762
2f85c01.jpg,2100,1400,Fish,199,1040,2098,1400
302fdd0.jpg,2100,1400,Fish,568,353,2076,354
30f380c.jpg,2100,1400,Fish,113,466,1682,497
3135080.jpg,2100,1400,Fish,29,328,1307,1084
32362f6.jpg,2100,1400,Fish,66,350,1118,1181
34b854f.jpg,2100,1400,Fish,247,30,1875,225
36087c7.jpg,2100,1400,Fish,161,16,2047,695
3614409.jpg,2100,1400,Fish,2,178,1648,692
361e863.jpg,2100,1400,Fish,360,113,1497,121
37d76b3.jpg,2100,1400,Fish,1245,296,2098,604
37e8349.jpg,2100,1400,Fish,20,874,2073,1374
3851530.jpg,2100,1400,Fish,65,105,1985,1167
3890c7d.jpg,2100,1400,Fish,412,399,1782,776
38e2591.jpg,2100,1400,Fish,1,1,1695,515
3b9a092.jpg,2100,1400,Fish,1400,1385,2098,1393
3c46b98.jpg,2100,1400,Fish,88,311,1018,948
3cb2d9b.jpg,2100,1400,Fish,9,826,1181,1217
3d43805.jpg,2100,1400,Fish,0,716,843,1305
3f89ff9.jpg,2100,1400,Fish,825,1382,2081,1400
3fc1779.jpg,2100,1400,Fish,253,150,1804,960
400a38d.jpg,2100,1400,Fish,1286,58,2036,802
40761e8.jpg,2100,1400,Fish,4,13,1879,752
416aa8a.jpg,2100,1400,Fish,65,136,1321,749
4750111.jpg,2100,1400,Fish,109,216,2098,920
478ff25.jpg,2100,1400,Fish,577,282,1997,1304
47c100b.jpg,2100,1400,Fish,250,563,2049,573
484846a.jpg,2100,1400,Fish,488,670,1953,1400
4871396.jpg,2100,1400,Fish,388,878,1832,1346
493ad65.jpg,2100,1400,Fish,782,286,1985,994
4c7f6ae.jpg,2100,1400,Fish,48,294,2098,653
4dbaadb.jpg,2100,1400,Fish,140,154,2098,408
4df63d1.jpg,2100,1400,Fish,478,633,2091,1400
4df802c.jpg,2100,1400,Fish,13,480,1975,1386
4e60552.jpg,2100,1400,Fish,302,455,2059,867
4ea4fa7.jpg,2100,1400,Fish,26,491,1921,1173
4ebca69.jpg,2100,1400,Fish,97,303,1959,900
5065bfb.jpg,2100,1400,Fish,24,193,1915,720
50cc177.jpg,2100,1400,Fish,839,633,1574,1061
518a511.jpg,2100,1400,Fish,268,817,2098,825
5291a8b.jpg,2100,1400,Fish,1112,1257,2098,1260
533d05b.jpg,2100,1400,Fish,0,165,1644,679
541833b.jpg,2100,1400,Fish,10,119,2095,1017
54549d3.jpg,2100,1400,Fish,266,809,1421,819
5499691.jpg,2100,1400,Fish,440,645,2098,1258
5602640.jpg,2100,1400,Fish,2,304,818,659
5797732.jpg,2100,1400,Fish,404,569,1282,577
57b92ae.jpg,2100,1400,Fish,63,697,2052,1400
5973bf6.jpg,2100,1400,Fish,8,1,933,1023
59f27ca.jpg,2100,1400,Fish,230,436,1461,702
5a273b7.jpg,2100,1400,Fish,570,699,2098,822
5a4a165.jpg,2100,1400,Fish,36,22,1972,369
5b4aeb9.jpg,2100,1400,Fish,210,66,1938,772
5bfcce8.jpg,2100,1400,Fish,1382,1,2098,581
5caec32.jpg,2100,1400,Fish,0,683,2098,1125
5d27b80.jpg,2100,1400,Fish,264,45,1238,918
5d95a4f.jpg,2100,1400,Fish,67,315,721,1186
5daea80.jpg,2100,1400,Fish,0,260,2057,738
5ee638b.jpg,2100,1400,Fish,127,223,1900,858
611e030.jpg,2100,1400,Fish,0,27,1910,698
614dd14.jpg,2100,1400,Fish,532,173,2098,177
61d5e94.jpg,2100,1400,Fish,1227,11,2047,450
61df166.jpg,2100,1400,Fish,226,593,1349,998
638a4e0.jpg,2100,1400,Fish,239,1,2098,690
63e8002.jpg,2100,1400,Fish,0,124,2099,703
63eb480.jpg,2100,1400,Fish,25,114,2098,737
65bd57f.jpg,2100,1400,Fish,0,392,1711,853
66a0efd.jpg,2100,1400,Fish,0,476,2073,1242
68562e6.jpg,2100,1400,Fish,8,566,685,1151
697eb53.jpg,2100,1400,Fish,37,380,1995,1386
69fb363.jpg,2100,1400,Fish,0,407,2053,1201
6a52620.jpg,2100,1400,Fish,317,2,2098,407
6c0f092.jpg,2100,1400,Fish,100,56,1032,1400
6c3b7d7.jpg,2100,1400,Fish,107,261,869,273
6c4e78f.jpg,2100,1400,Fish,74,991,2051,1376
6c743e3.jpg,2100,1400,Fish,59,143,909,145
6d1f44e.jpg,2100,1400,Fish,1406,188,1844,434
7219569.jpg,2100,1400,Fish,942,515,2098,888
7273621.jpg,2100,1400,Fish,711,684,1955,1072
72e4b6e.jpg,2100,1400,Fish,154,565,2098,1384
73c24cd.jpg,2100,1400,Fish,556,394,1560,896
73cb4e9.jpg,2100,1400,Fish,23,28,1635,520
74e0fcd.jpg,2100,1400,Fish,1083,12,2098,970
760c67e.jpg,2100,1400,Fish,128,1065,1908,1066
76ee28f.jpg,2100,1400,Fish,0,659,2099,1111
795b4a3.jpg,2100,1400,Fish,1,10,2098,418
7a37258.jpg,2100,1400,Fish,292,357,2098,949
7adf177.jpg,2100,1400,Fish,2,154,1558,663
7ca7d72.jpg,2100,1400,Fish,410,633,2098,1268
7d0f510.jpg,2100,1400,Fish,221,1048,1766,1347
7e6e850.jpg,2100,1400,Fish,295,107,2098,950
7efc7ea.jpg,2100,1400,Fish,20,11,2024,1343
800016e.jpg,2100,1400,Fish,832,496,1219,871
805eac5.jpg,2100,1400,Fish,355,496,2098,620
822ef2b.jpg,2100,1400,Fish,800,728,2098,733
823fe70.jpg,2100,1400,Fish,23,381,1969,958
8270f6b.jpg,2100,1400,Fish,554,352,2098,762
838ac47.jpg,2100,1400,Fish,224,993,1084,995
8418f5b.jpg,2100,1400,Fish,186,8,1816,626
848b483.jpg,2100,1400,Fish,12,349,1631,923
8825f6a.jpg,2100,1400,Fish,656,3,2097,4
89a0c22.jpg,2100,1400,Fish,20,53,2056,821
8acb403.jpg,2100,1400,Fish,559,5,2077,1226
8bd81ce.jpg,2100,1400,Fish,767,11,1943,369
8cd2856.jpg,2100,1400,Fish,1145,80,2098,665
8d72054.jpg,2100,1400,Fish,1,261,2098,883
8dd6979.jpg,2100,1400,Fish,93,175,2098,768
8dfcd9f.jpg,2100,1400,Fish,19,316,2048,640
8e53178.jpg,2100,1400,Fish,181,707,2098,719
8e8da9f.jpg,2100,1400,Fish,67,234,2068,1146
8f50025.jpg,2100,1400,Fish,6,610,1798,1383
91acd9a.jpg,2100,1400,Fish,32,569,2091,1400
91b7031.jpg,2100,1400,Fish,25,385,1987,401
924f4b8.jpg,2100,1400,Fish,260,186,1907,681
9303b5c.jpg,2100,1400,Fish,480,771,2037,774
9316ba8.jpg,2100,1400,Fish,16,955,1751,1400
9335159.jpg,2100,1400,Fish,0,677,2033,1394
93b0ffd.jpg,2100,1400,Fish,143,447,2098,980
9452e1c.jpg,2100,1400,Fish,90,274,2077,739
971e19d.jpg,2100,1400,Fish,0,459,1389,1202
9743750.jpg,2100,1400,Fish,1343,137,2070,939
983adc5.jpg,2100,1400,Fish,869,1004,1798,1400
9901417.jpg,2100,1400,Fish,975,604,2098,1000
9934d3b.jpg,2100,1400,Fish,134,307,1406,1058
993e07b.jpg,2100,1400,Fish,425,569,1631,1261
99db287.jpg,2100,1400,Fish,0,16,2091,1125
9a1df26.jpg,2100,1400,Fish,11,575,810,893
9cc537c.jpg,2100,1400,Fish,244,651,715,1307
9ccfe4e.jpg,2100,1400,Fish,84,753,1819,1383
9ce2bfa.jpg,2100,1400,Fish,21,160,807,863
9deed58.jpg,2100,1400,Fish,14,780,1249,1379
9ed149d.jpg,2100,1400,Fish,405,490,2088,695
9ed9469.jpg,2100,1400,Fish,837,202,2068,661
a14aa0d.jpg,2100,1400,Fish,32,457,1745,972
a21d2e5.jpg,2100,1400,Fish,215,102,2098,638
a259b04.jpg,2100,1400,Fish,0,208,1291,861
a3e83f6.jpg,2100,1400,Fish,667,785,1556,793
a4f8c06.jpg,2100,1400,Fish,5,159,738,1095
a715c34.jpg,2100,1400,Fish,322,14,2098,572
a7b14ac.jpg,2100,1400,Fish,315,5,1573,581
a7fdbc3.jpg,2100,1400,Fish,694,441,1991,443
a84c738.jpg,2100,1400,Fish,56,428,2098,1361
a8f84e0.jpg,2100,1400,Fish,46,297,2089,1186
a9c2366.jpg,2100,1400,Fish,20,464,1556,879
aa298d2.jpg,2100,1400,Fish,17,588,2087,1400
aad0a07.jpg,2100,1400,Fish,4,945,2098,946
ab1ff68.jpg,2100,1400,Fish,432,934,1341,1392
ac1e24e.jpg,2100,1400,Fish,1100,659,2088,665
b0f27b0.jpg,2100,1400,Fish,256,299,2092,957
b181990.jpg,2100,1400,Fish,1228,991,2098,1400
b1a658e.jpg,2100,1400,Fish,573,39,2098,471
b1b7161.jpg,2100,1400,Fish,46,276,990,290
b1d23ca.jpg,2100,1400,Fish,444,242,2093,442
b37109a.jpg,2100,1400,Fish,1058,301,2098,848
b581e41.jpg,2100,1400,Fish,166,227,1575,1398
b657af6.jpg,2100,1400,Fish,46,105,1985,784
b6e8a81.jpg,2100,1400,Fish,1228,608,2077,1236
b7193d2.jpg,2100,1400,Fish,22,574,1125,1400
b729436.jpg,2100,1400,Fish,999,854,2071,1277
b75d58f.jpg,2100,1400,Fish,845,1,2098,571
b8d6fb2.jpg,2100,1400,Fish,1012,19,2083,758
b8f5fa9.jpg,2100,1400,Fish,10,1,2070,299
bacd6fe.jpg,2100,1400,Fish,14,331,1201,1138
bb15328.jpg,2100,1400,Fish,11,115,1048,518
bc437e0.jpg,2100,1400,Fish,959,1281,1899,1305
bdbb6c0.jpg,2100,1400,Fish,1147,715,2098,754
c0e8a09.jpg,2100,1400,Fish,8,284,2098,457
c1a903b.jpg,2100,1400,Fish,566,272,1679,731
c20fc81.jpg,2100,1400,Fish,339,987,2096,1373
c2d6459.jpg,2100,1400,Fish,1221,709,1687,1087
c41b55a.jpg,2100,1400,Fish,0,148,1552,890
c54d2ef.jpg,2100,1400,Fish,725,564,2098,1154
c988159.jpg,2100,1400,Fish,343,1265,2064,1273
c99174f.jpg,2100,1400,Fish,589,700,2042,869
c9af416.jpg,2100,1400,Fish,30,504,580,1284
cc10d21.jpg,2100,1400,Fish,1217,65,2037,68
ccae568.jpg,2100,1400,Fish,0,99,2080,900
d179c14.jpg,2100,1400,Fish,424,260,1591,504
d1820b5.jpg,2100,1400,Fish,332,382,2072,1282
d2b72aa.jpg,2100,1400,Fish,8,638,2025,1392
d2c4532.jpg,2100,1400,Fish,22,89,1760,564
d2e7aa7.jpg,2100,1400,Fish,792,743,2098,1276
d391aba.jpg,2100,1400,Fish,37,2,1103,630
d3dfa34.jpg,2100,1400,Fish,305,865,1735,1352
d464108.jpg,2100,1400,Fish,56,521,2082,1144
d519943.jpg,2100,1400,Fish,204,738,1347,1162
d77c2bf.jpg,2100,1400,Fish,102,74,2098,834
d82aebf.jpg,2100,1400,Fish,1275,646,2096,1020
d833a68.jpg,2100,1400,Fish,109,88,2098,1113
d86d882.jpg,2100,1400,Fish,74,129,999,781
d911122.jpg,2100,1400,Fish,90,1,2098,3
dade081.jpg,2100,1400,Fish,148,782,2068,1109
dd611a7.jpg,2100,1400,Fish,1015,589,1397,1090
ddde994.jpg,2100,1400,Fish,42,352,1280,558
df69207.jpg,2100,1400,Fish,6,315,1563,688
df8ed4a.jpg,2100,1400,Fish,222,1037,1757,1400
e0bfbf6.jpg,2100,1400,Fish,574,15,2098,629
e1265e8.jpg,2100,1400,Fish,1461,761,2078,1101
e199821.jpg,2100,1400,Fish,456,1,2097,622
e2b4f04.jpg,2100,1400,Fish,0,42,1716,796
e2ec3a8.jpg,2100,1400,Fish,803,405,1331,961
e3a38bd.jpg,2100,1400,Fish,0,1,2037,401
e416bbd.jpg,2100,1400,Fish,64,127,1377,817
e7ac66d.jpg,2100,1400,Fish,774,34,2070,734
e7c8f56.jpg,2100,1400,Fish,292,513,1045,521
e8c8a5a.jpg,2100,1400,Fish,355,8,1913,26
ea17711.jpg,2100,1400,Fish,745,50,2098,358
eaad219.jpg,2100,1400,Fish,43,851,1342,1393
ebc4043.jpg,2100,1400,Fish,392,24,1158,561
ec0dddf.jpg,2100,1400,Fish,409,1,2015,706
ec77d44.jpg,2100,1400,Fish,0,1074,1503,1395
ece74d3.jpg,2100,1400,Fish,29,707,1597,1170
ed3cbe0.jpg,2100,1400,Fish,0,927,1427,1400
ee4aeaf.jpg,2100,1400,Fish,832,145,1845,464
f090609.jpg,2100,1400,Fish,17,785,1749,1206
f1f99ee.jpg,2100,1400,Fish,118,73,1765,979
f32724b.jpg,2100,1400,Fish,1568,1305,2075,1307
f34ac86.jpg,2100,1400,Fish,1263,353,2069,1308
f485249.jpg,2100,1400,Fish,17,788,1283,1400
f6f707c.jpg,2100,1400,Fish,187,411,2073,872
f7c7a49.jpg,2100,1400,Fish,188,467,867,709
fb19455.jpg,2100,1400,Fish,708,361,1455,730
fbee7e5.jpg,2100,1400,Fish,4,13,1865,961
ff5e79c.jpg,2100,1400,Fish,0,720,2092,1297
ffca427.jpg,2100,1400,Fish,438,584,2098,876
ffcedf2.jpg,2100,1400,Fish,9,31,2098,35
01c6ec3.jpg,2100,1400,Flower,13,16,2072,1090
0362b0a.jpg,2100,1400,Flower,991,261,2098,1400
053f180.jpg,2100,1400,Flower,588,1065,2089,1067
06728a1.jpg,2100,1400,Flower,222,93,1750,1020
071edac.jpg,2100,1400,Flower,409,104,2098,548
0761274.jpg,2100,1400,Flower,0,941,2098,944
076de5e.jpg,2100,1400,Flower,1007,925,2067,1389
07c3377.jpg,2100,1400,Flower,1436,142,2097,1229
08f8fe9.jpg,2100,1400,Flower,40,27,2085,939
09d0eee.jpg,2100,1400,Flower,1046,813,2098,830
09d3a37.jpg,2100,1400,Flower,0,161,2091,1007
0a380d0.jpg,2100,1400,Flower,1371,730,1938,890
0aa2df7.jpg,2100,1400,Flower,154,937,2098,945
0ac5f5c.jpg,2100,1400,Flower,945,81,1791,877
0b10051.jpg,2100,1400,Flower,854,394,2029,771
0c10e30.jpg,2100,1400,Flower,1158,290,2086,1394
0d08b24.jpg,2100,1400,Flower,1484,21,2098,900
0e26259.jpg,2100,1400,Flower,2,19,2098,877
0f1786f.jpg,2100,1400,Flower,1233,371,2098,1332
0f529c5.jpg,2100,1400,Flower,379,874,2098,1400
0fe3fd9.jpg,2100,1400,Flower,651,17,2075,1096
10cbb5e.jpg,2100,1400,Flower,293,60,1677,1117
10e4ca6.jpg,2100,1400,Flower,6,289,1991,297
114d48a.jpg,2100,1400,Flower,74,33,2098,899
116433b.jpg,2100,1400,Flower,447,28,2098,999
11958e0.jpg,2100,1400,Flower,782,606,2063,1400
12be717.jpg,2100,1400,Flower,815,143,1792,686
12db338.jpg,2100,1400,Flower,1490,910,2052,1386
12ffc06.jpg,2100,1400,Flower,938,237,2052,472
135537c.jpg,2100,1400,Flower,0,606,1783,1400
148a6ef.jpg,2100,1400,Flower,515,584,2098,1400
1560b44.jpg,2100,1400,Flower,652,556,2083,737
156f6aa.jpg,2100,1400,Flower,479,16,1622,652
15d9fa0.jpg,2100,1400,Flower,887,151,2098,1269
182254d.jpg,2100,1400,Flower,1527,1030,2033,1335
1824735.jpg,2100,1400,Flower,1286,423,2098,1203
1930ced.jpg,2100,1400,Flower,99,138,2098,1364
1977dc1.jpg,2100,1400,Flower,1624,168,2094,1119
1ad811c.jpg,2100,1400,Flower,1416,475,2098,1400
1be8360.jpg,2100,1400,Flower,8,908,2079,911
1c0199e.jpg,2100,1400,Flower,5,13,1113,356
1eee939.jpg,2100,1400,Flower,814,142,2098,219
1f3d231.jpg,2100,1400,Flower,1161,1,2098,197
1fa1af6.jpg,2100,1400,Flower,0,462,732,1395
1fde3a9.jpg,2100,1400,Flower,835,1093,2077,1101
2146322.jpg,2100,1400,Flower,5,452,1467,1400
21d93a3.jpg,2100,1400,Flower,312,192,2098,1123
2325bfb.jpg,2100,1400,Flower,72,417,2098,1395
240adca.jpg,2100,1400,Flower,105,59,2098,1351
255e997.jpg,2100,1400,Flower,1104,745,1989,750
26a3145.jpg,2100,1400,Flower,253,1121,2089,1145
2828b02.jpg,2100,1400,Flower,1006,27,2073,148
28ab992.jpg,2100,1400,Flower,1127,13,2092,1388
28cb3b3.jpg,2100,1400,Flower,1176,263,2098,265
28e5d9b.jpg,2100,1400,Flower,858,606,2076,1386
291a778.jpg,2100,1400,Flower,1067,467,2098,1399
298676d.jpg,2100,1400,Flower,430,370,1826,1385
29a268d.jpg,2100,1400,Flower,730,539,1628,1105
29f7bea.jpg,2100,1400,Flower,14,27,2098,1400
2b53ec3.jpg,2100,1400,Flower,882,16,1902,556
2b74889.jpg,2100,1400,Flower,370,96,1668,957
2ba1557.jpg,2100,1400,Flower,1554,938,2098,988
2caa0fe.jpg,2100,1400,Flower,54,132,2098,1333
2d6b549.jpg,2100,1400,Flower,1276,695,1866,777
2d6d2f2.jpg,2100,1400,Flower,29,25,2087,1400
2f37e80.jpg,2100,1400,Flower,947,669,2098,1400
30a242e.jpg,2100,1400,Flower,26,88,1733,882
30f3b3b.jpg,2100,1400,Flower,12,211,1397,948
32583c0.jpg,2100,1400,Flower,1090,704,2098,1243
332cb5c.jpg,2100,1400,Flower,1127,10,2037,1354
336c1c1.jpg,2100,1400,Flower,20,148,922,548
338b26d.jpg,2100,1400,Flower,27,853,2098,1400
33a5c0d.jpg,2100,1400,Flower,15,10,2098,1389
34982aa.jpg,2100,1400,Flower,18,66,1597,1154
350272c.jpg,2100,1400,Flower,860,967,2045,979
3564c5d.jpg,2100,1400,Flower,811,325,1604,832
35825cc.jpg,2100,1400,Flower,1712,1377,2083,1379
36e8fb4.jpg,2100,1400,Flower,312,457,2098,1400
36ffc1a.jpg,2100,1400,Flower,406,369,2098,781
371851d.jpg,2100,1400,Flower,603,27,2098,766
37b5e0c.jpg,2100,1400,Flower,1073,348,2098,350
3865225.jpg,2100,1400,Flower,1029,808,2078,1387
389809e.jpg,2100,1400,Flower,763,795,2098,1400
390a09e.jpg,2100,1400,Flower,46,586,2067,1096
39c7521.jpg,2100,1400,Flower,716,174,2098,954
39ee70a.jpg,2100,1400,Flower,64,1,2097,72
3a74f93.jpg,2100,1400,Flower,501,1306,1510,1311
3b14060.jpg,2100,1400,Flower,696,207,2064,1367
3bae0b1.jpg,2100,1400,Flower,15,375,1955,1350
3bb7003.jpg,2100,1400,Flower,891,98,1731,445
3c9865d.jpg,2100,1400,Flower,1609,871,2098,1172
3de03db.jpg,2100,1400,Flower,331,230,2078,1075
3def0c0.jpg,2100,1400,Flower,541,243,2098,1157
3e2dcff.jpg,2100,1400,Flower,19,13,2081,524
3f79584.jpg,2100,1400,Flower,785,299,2098,1400
3fc6617.jpg,2100,1400,Flower,1279,59,2098,1080
40bb58a.jpg,2100,1400,Flower,85,631,877,1400
40dd239.jpg,2100,1400,Flower,1340,655,2092,1314
416f1a5.jpg,2100,1400,Flower,117,366,2098,760
41a3361.jpg,2100,1400,Flower,47,274,2098,1333
42f2864.jpg,2100,1400,Flower,37,449,1763,872
4323dbb.jpg,2100,1400,Flower,1669,927,2091,1388
441f755.jpg,2100,1400,Flower,267,1105,2098,1113
449b792.jpg,2100,1400,Flower,515,4,2098,1250
44bfdc0.jpg,2100,1400,Flower,433,1100,2098,1400
45e8b5e.jpg,2100,1400,Flower,1098,137,2075,802
48a3430.jpg,2100,1400,Flower,1102,252,2080,1231
4bb134a.jpg,2100,1400,Flower,659,6,2098,1359
4d07564.jpg,2100,1400,Flower,58,81,1331,1067
4de1b3c.jpg,2100,1400,Flower,158,1,2098,1365
4e16d1a.jpg,2100,1400,Flower,1185,143,2095,767
4ee47a5.jpg,2100,1400,Flower,6,10,2084,1160
4fa9d86.jpg,2100,1400,Flower,14,73,2045,509
505da91.jpg,2100,1400,Flower,479,677,2096,1391
50de31c.jpg,2100,1400,Flower,6,2,2097,1395
512f9ae.jpg,2100,1400,Flower,151,481,2098,1400
5359209.jpg,2100,1400,Flower,1016,50,2080,1011
539fabf.jpg,2100,1400,Flower,208,346,2086,1400
53ac6f2.jpg,2100,1400,Flower,0,547,2092,1003
541dabf.jpg,2100,1400,Flower,768,353,2098,1400
542837e.jpg,2100,1400,Flower,1395,561,2098,1257
5526965.jpg,2100,1400,Flower,915,937,2090,945
556c8a9.jpg,2100,1400,Flower,1372,965,2098,1384
55ddc31.jpg,2100,1400,Flower,23,479,2037,1277
5639fa6.jpg,2100,1400,Flower,1507,1081,2098,1094
57039d6.jpg,2100,1400,Flower,3,17,2093,1395
5716443.jpg,2100,1400,Flower,571,4,2098,1400
5757384.jpg,2100,1400,Flower,944,76,2098,995
580ced2.jpg,2100,1400,Flower,608,986,2097,988
586b980.jpg,2100,1400,Flower,1306,879,1821,1379
5a39592.jpg,2100,1400,Flower,15,11,2098,957
5b4b7a9.jpg,2100,1400,Flower,1125,169,2056,172
5b5a329.jpg,2100,1400,Flower,3,698,2098,1399
5c1c0b4.jpg,2100,1400,Flower,198,417,1548,1283
5c6a07a.jpg,2100,1400,Flower,1178,124,2088,869
5e221da.jpg,2100,1400,Flower,22,14,2079,1290
5e502b0.jpg,2100,1400,Flower,754,82,2098,399
60300f3.jpg,2100,1400,Flower,769,795,2094,1352
607fab3.jpg,2100,1400,Flower,632,752,2078,1388
60f02b9.jpg,2100,1400,Flower,1296,1297,2098,1301
617deb8.jpg,2100,1400,Flower,6,12,2074,1164
61a938e.jpg,2100,1400,Flower,314,43,1939,873
61aa8dc.jpg,2100,1400,Flower,158,39,2030,719
63efbae.jpg,2100,1400,Flower,1165,518,2098,1274
6521d76.jpg,2100,1400,Flower,813,207,2093,899
6566b6a.jpg,2100,1400,Flower,1017,620,2073,623
657399d.jpg,2100,1400,Flower,61,123,969,1067
667adca.jpg,2100,1400,Flower,147,218,2098,1393
679d921.jpg,2100,1400,Flower,1587,465,2098,1135
67e8608.jpg,2100,1400,Flower,59,89,2071,1400
67eb9ec.jpg,2100,1400,Flower,657,31,2086,1021
692fc30.jpg,2100,1400,Flower,1332,484,2079,1194
6a01e51.jpg,2100,1400,Flower,409,726,1562,1393
6a50dbf.jpg,2100,1400,Flower,40,93,2098,1388
6b5e931.jpg,2100,1400,Flower,1239,313,2085,316
6ee8ff5.jpg,2100,1400,Flower,718,27,2098,1354
704a8ae.jpg,2100,1400,Flower,994,1302,2098,1305
713b3d9.jpg,2100,1400,Flower,427,453,1992,1208
71faa43.jpg,2100,1400,Flower,9,914,2069,915
725f986.jpg,2100,1400,Flower,29,16,2079,145
731d88b.jpg,2100,1400,Flower,358,1357,2098,1369
74a7a23.jpg,2100,1400,Flower,1041,104,2098,1197
7540047.jpg,2100,1400,Flower,1118,56,2098,1400
75fe9de.jpg,2100,1400,Flower,508,221,2098,1395
770f98b.jpg,2100,1400,Flower,353,218,2098,1194
7798a96.jpg,2100,1400,Flower,918,953,2098,961
783ad08.jpg,2100,1400,Flower,369,76,2098,84
787ac53.jpg,2100,1400,Flower,0,62,2074,1032
79722b5.jpg,2100,1400,Flower,1236,46,2090,1395
7ace623.jpg,2100,1400,Flower,32,82,1585,848
7ae9659.jpg,2100,1400,Flower,32,16,2070,1375
7b282d6.jpg,2100,1400,Flower,614,294,1868,1256
7b396e6.jpg,2100,1400,Flower,1338,692,2079,1351
7b3cf49.jpg,2100,1400,Flower,1388,254,2098,1111
7bff91d.jpg,2100,1400,Flower,842,148,2098,660
7da0944.jpg,2100,1400,Flower,712,1,2098,1045
7dc09d7.jpg,2100,1400,Flower,0,6,2094,1393
7e820d6.jpg,2100,1400,Flower,307,844,1452,1386
7f3e8a1.jpg,2100,1400,Flower,427,754,1403,1195
7f697c6.jpg,2100,1400,Flower,0,40,1727,759
7fa5eba.jpg,2100,1400,Flower,1395,201,2098,1125
8155d29.jpg,2100,1400,Flower,1097,134,2098,672
832448a.jpg,2100,1400,Flower,1294,484,2098,1168
8412df9.jpg,2100,1400,Flower,1403,182,2098,1339
84bc428.jpg,2100,1400,Flower,620,257,1493,1152
85ccc87.jpg,2100,1400,Flower,44,540,2097,1398
867136a.jpg,2100,1400,Flower,808,1377,1496,1380
86fb735.jpg,2100,1400,Flower,24,745,2098,753
8734e73.jpg,2100,1400,Flower,459,262,2095,894
874e832.jpg,2100,1400,Flower,1484,361,2098,1153
87ee31f.jpg,2100,1400,Flower,21,236,2061,979
87fffff.jpg,2100,1400,Flower,10,156,2084,1338
88f7a5b.jpg,2100,1400,Flower,0,406,1170,1274
894d71e.jpg,2100,1400,Flower,0,1,2099,1383
897f0f0.jpg,2100,1400,Flower,774,382,2037,908
89ceea7.jpg,2100,1400,Flower,879,529,2080,972
89d4a2c.jpg,2100,1400,Flower,911,627,2098,1207
8a3244f.jpg,2100,1400,Flower,225,12,1606,837
8b93508.jpg,2100,1400,Flower,402,375,2098,1363
8ca9d01.jpg,2100,1400,Flower,674,256,2098,1094
8cf636e.jpg,2100,1400,Flower,242,132,1785,1378
8d5f7a9.jpg,2100,1400,Flower,710,608,1541,1397
8d9792f.jpg,2100,1400,Flower,1067,75,2098,1346
8e01e49.jpg,2100,1400,Flower,360,64,1601,521
8e35413.jpg,2100,1400,Flower,17,183,2098,1381
8f424fe.jpg,2100,1400,Flower,683,528,2086,815
8fcb066.jpg,2100,1400,Flower,192,145,2098,146
925305b.jpg,2100,1400,Flower,79,132,2007,687
9361989.jpg,2100,1400,Flower,0,2,2098,657
95b4424.jpg,2100,1400,Flower,692,29,1718,814
9609c2a.jpg,2100,1400,Flower,1401,956,2098,1396
961859f.jpg,2100,1400,Flower,367,81,2094,96
99195a2.jpg,2100,1400,Flower,851,47,2095,143
9a8f69f.jpg,2100,1400,Flower,1418,1261,2098,1283
9cbf068.jpg,2100,1400,Flower,803,443,2098,1394
9d5a861.jpg,2100,1400,Flower,467,558,1921,1400
9e3eb77.jpg,2100,1400,Flower,8,6,2098,1400
9ed4ba4.jpg,2100,1400,Flower,40,1377,2098,1393
9febeb9.jpg,2100,1400,Flower,555,1,1300,792
a015b6e.jpg,2100,1400,Flower,86,101,2098,1325
a085e8b.jpg,2100,1400,Flower,1269,643,2098,1288
a17b9eb.jpg,2100,1400,Flower,490,20,2089,589
a1c4642.jpg,2100,1400,Flower,421,141,2088,955
a1e9924.jpg,2100,1400,Flower,20,44,2098,1363
a44d1c0.jpg,2100,1400,Flower,25,212,753,877
a4e5ec5.jpg,2100,1400,Flower,191,912,2094,1400
a5f318a.jpg,2100,1400,Flower,1552,1008,2089,1371
a6975b4.jpg,2100,1400,Flower,627,88,2098,344
a6d198d.jpg,2100,1400,Flower,0,205,1400,1400
a6e668c.jpg,2100,1400,Flower,991,905,2090,1393
a733766.jpg,2100,1400,Flower,272,9,2096,1035
a7cde49.jpg,2100,1400,Flower,210,261,2098,1213
a9483d2.jpg,2100,1400,Flower,3,7,2098,1394
ab3cba9.jpg,2100,1400,Flower,600,665,1511,668
ad4e3e7.jpg,2100,1400,Flower,809,383,2098,385
ae3517d.jpg,2100,1400,Flower,761,172,2061,1154
ae36c08.jpg,2100,1400,Flower,183,565,826,1020
aefab1c.jpg,2100,1400,Flower,1126,566,2098,1392
b085f55.jpg,2100,1400,Flower,553,29,2098,252
b11e1b1.jpg,2100,1400,Flower,31,547,2095,1373
b1a41ac.jpg,2100,1400,Flower,838,397,2098,1396
b359c1b.jpg,2100,1400,Flower,447,211,2092,791
b3e0e2c.jpg,2100,1400,Flower,2,585,1834,587
b570e82.jpg,2100,1400,Flower,274,487,1914,489
b5e66bc.jpg,2100,1400,Flower,1568,1385,2098,1393
b720db3.jpg,2100,1400,Flower,538,839,1416,1400
b7cabc8.jpg,2100,1400,Flower,6,442,1243,1377
b84f125.jpg,2100,1400,Flower,990,48,2098,180
b8810ca.jpg,2100,1400,Flower,567,207,2074,1213
b950787.jpg,2100,1400,Flower,658,687,1560,1130
b991088.jpg,2100,1400,Flower,416,797,2098,801
bb75314.jpg,2100,1400,Flower,54,7,2081,573
bc9e8be.jpg,2100,1400,Flower,972,21,2098,726
bcac265.jpg,2100,1400,Flower,20,117,1980,1334
bcfb055.jpg,2100,1400,Flower,729,507,2085,511
bd001b3.jpg,2100,1400,Flower,929,723,2098,1237
bdbce0f.jpg,2100,1400,Flower,370,218,1997,1364
c05f7d3.jpg,2100,1400,Flower,412,6,2098,1384
c06322b.jpg,2100,1400,Flower,231,6,2098,1400
c1a3d8e.jpg,2100,1400,Flower,109,14,2098,313
c206b30.jpg,2100,1400,Flower,418,106,1629,827
c2d77ea.jpg,2100,1400,Flower,585,705,2066,1352
c3d3554.jpg,2100,1400,Flower,197,14,1488,1100
c3fc59b.jpg,2100,1400,Flower,954,525,2062,1391
c47989f.jpg,2100,1400,Flower,15,12,1939,900
c48ce61.jpg,2100,1400,Flower,1105,473,2098,1075
c524c35.jpg,2100,1400,Flower,911,50,2098,1172
c62a389.jpg,2100,1400,Flower,0,484,2026,1400
c687792.jpg,2100,1400,Flower,2,1004,2098,1399
c7bfd1b.jpg,2100,1400,Flower,60,500,2081,1367
c894cdb.jpg,2100,1400,Flower,34,28,2098,857
c938483.jpg,2100,1400,Flower,512,32,2066,33
c9b2f77.jpg,2100,1400,Flower,427,10,2019,757
c9de61b.jpg,2100,1400,Flower,0,442,2079,1301
cdc7c95.jpg,2100,1400,Flower,1498,901,2098,1398
ce05fe6.jpg,2100,1400,Flower,335,14,2071,1073
ce3fd89.jpg,2100,1400,Flower,25,23,1682,620
cea2726.jpg,2100,1400,Flower,550,59,2074,981
cf2b4b7.jpg,2100,1400,Flower,1053,368,1815,1313
cf7b3f7.jpg,2100,1400,Flower,11,5,2098,1075
cff5747.jpg,2100,1400,Flower,5,368,703,876
d17c9aa.jpg,2100,1400,Flower,368,484,2098,1400
d2b4399.jpg,2100,1400,Flower,1233,267,2091,584
d314a09.jpg,2100,1400,Flower,473,692,1252,1400
d32bb8c.jpg,2100,1400,Flower,54,61,2055,1326
d58379d.jpg,2100,1400,Flower,743,609,2098,1297
d5c3f29.jpg,2100,1400,Flower,1208,129,2098,1378
d61faff.jpg,2100,1400,Flower,47,289,2098,1206
d746b58.jpg,2100,1400,Flower,822,131,2085,1391
d8b72f8.jpg,2100,1400,Flower,28,619,2098,683
d9844c0.jpg,2100,1400,Flower,412,46,2017,1082
da0d544.jpg,2100,1400,Flower,187,362,1096,1193
dab3dd1.jpg,2100,1400,Flower,763,977,2098,993
dbb6dea.jpg,2100,1400,Flower,816,125,2046,1375
dc09c29.jpg,2100,1400,Flower,1357,672,2098,1400
dc6b7c0.jpg,2100,1400,Flower,7,184,2098,1140
dcd0664.jpg,2100,1400,Flower,75,275,2098,1060
dd35da2.jpg,2100,1400,Flower,0,922,2098,925
de0f65a.jpg,2100,1400,Flower,0,30,1932,1391
de622ff.jpg,2100,1400,Flower,296,648,932,1140
dfddf3d.jpg,2100,1400,Flower,364,104,2046,1361
e0b351c.jpg,2100,1400,Flower,355,50,2098,121
e1745e0.jpg,2100,1400,Flower,687,452,1928,1118
e1b35d8.jpg,2100,1400,Flower,4,179,2068,1196
e2e8ad6.jpg,2100,1400,Flower,872,401,2098,954
e33bbcb.jpg,2100,1400,Flower,139,434,2071,1059
e36c7a3.jpg,2100,1400,Flower,48,15,1518,729
e407a1b.jpg,2100,1400,Flower,0,10,2098,1395
e570ee3.jpg,2100,1400,Flower,738,16,2089,1107
e59cec9.jpg,2100,1400,Flower,968,42,2098,1400
e62e313.jpg,2100,1400,Flower,980,255,2090,781
e681e81.jpg,2100,1400,Flower,222,251,1900,1177
e68f3be.jpg,2100,1400,Flower,680,15,2099,1400
e6b0b70.jpg,2100,1400,Flower,1223,197,2098,1400
e71d1aa.jpg,2100,1400,Flower,1224,486,2097,491
e78a320.jpg,2100,1400,Flower,245,69,2093,237
e7a7dde.jpg,2100,1400,Flower,0,648,2098,1388
e7b9c69.jpg,2100,1400,Flower,61,733,1219,1400
e8bd2a7.jpg,2100,1400,Flower,483,659,2098,1075
e9da920.jpg,2100,1400,Flower,573,178,1813,939
ea08016.jpg,2100,1400,Flower,0,8,2098,1252
ea4f338.jpg,2100,1400,Flower,594,457,2098,1299
eb866a8.jpg,2100,1400,Flower,406,198,2072,1226
ebd4dc2.jpg,2100,1400,Flower,518,422,1272,987
ebd7bef.jpg,2100,1400,Flower,828,200,2086,1236
ecdcfdc.jpg,2100,1400,Flower,582,27,2079,1386
ed3e67e.jpg,2100,1400,Flower,255,260,2060,864
ef39e06.jpg,2100,1400,Flower,137,284,2092,1296
ef614b0.jpg,2100,1400,Flower,1003,973,2098,987
f026b3b.jpg,2100,1400,Flower,124,1065,2044,1400
f102963.jpg,2100,1400,Flower,57,489,2083,1160
f10e922.jpg,2100,1400,Flower,124,909,1411,1368
f203606.jpg,2100,1400,Flower,1112,784,1740,785
f2805f4.jpg,2100,1400,Flower,445,1049,2098,1052
f2dab6e.jpg,2100,1400,Flower,1030,310,2098,1340
f39e4b1.jpg,2100,1400,Flower,8,328,2098,1400
f51fa34.jpg,2100,1400,Flower,6,1199,2088,1400
f56bfa6.jpg,2100,1400,Flower,811,931,1626,1400
f5a66e7.jpg,2100,1400,Flower,699,28,2095,632
f838ec2.jpg,2100,1400,Flower,672,302,1894,1195
f8b96bc.jpg,2100,1400,Flower,687,258,2098,1400
f974b85.jpg,2100,1400,Flower,461,93,1198,538
fa9c2ed.jpg,2100,1400,Flower,0,13,2083,1040
fc0aef7.jpg,2100,1400,Flower,97,577,2096,581
fc25229.jpg,2100,1400,Flower,1037,363,2098,1340
fdfa5e1.jpg,2100,1400,Flower,20,525,2096,1399
fe0d949.jpg,2100,1400,Flower,1046,361,2098,875
ff1ee67.jpg,2100,1400,Flower,435,250,1937,1046
ff4222b.jpg,2100,1400,Flower,18,28,2098,1368
ff7d65d.jpg,2100,1400,Flower,707,39,2098,236
ffbe4b8.jpg,2100,1400,Flower,102,41,1283,774
ffcc849.jpg,2100,1400,Flower,854,660,2068,669
ffea4f4.jpg,2100,1400,Flower,853,660,2098,1335
00498ec.jpg,2100,1400,Gravel,233,220,800,772
022a275.jpg,2100,1400,Gravel,27,132,1072,925
022fd47.jpg,2100,1400,Gravel,2,4,2086,1389
025ad96.jpg,2100,1400,Gravel,0,1,2098,529
0687f62.jpg,2100,1400,Gravel,8,214,2098,1400
0929f85.jpg,2100,1400,Gravel,747,6,2098,49
0a20edf.jpg,2100,1400,Gravel,75,614,2056,732
0ad97bb.jpg,2100,1400,Gravel,489,303,1174,558
0eee242.jpg,2100,1400,Gravel,10,277,425,869
0f91409.jpg,2100,1400,Gravel,438,582,2064,883
0fcf213.jpg,2100,1400,Gravel,427,741,1946,745
100752c.jpg,2100,1400,Gravel,773,561,2096,577
1311a82.jpg,2100,1400,Gravel,0,25,891,1375
131cad7.jpg,2100,1400,Gravel,833,76,2011,527
13cb512.jpg,2100,1400,Gravel,58,143,2045,702
144d107.jpg,2100,1400,Gravel,414,42,2067,454
1588d4c.jpg,2100,1400,Gravel,2,12,589,691
15b8121.jpg,2100,1400,Gravel,870,249,1584,886
1643d6e.jpg,2100,1400,Gravel,1010,364,1355,893
1771ac3.jpg,2100,1400,Gravel,300,609,1481,617
179327a.jpg,2100,1400,Gravel,1243,214,2079,684
197b5b7.jpg,2100,1400,Gravel,81,7,1349,359
19a6fb6.jpg,2100,1400,Gravel,95,381,951,854
1cc2e60.jpg,2100,1400,Gravel,1144,545,2067,553
1ed1c71.jpg,2100,1400,Gravel,8,157,2080,967
1f72d0c.jpg,2100,1400,Gravel,0,318,2098,1352
1fff557.jpg,2100,1400,Gravel,18,51,1660,494
20ff5a3.jpg,2100,1400,Gravel,12,8,2069,820
21561a2.jpg,2100,1400,Gravel,1170,339,2075,826
24884e7.jpg,2100,1400,Gravel,12,6,257,508
24c16bb.jpg,2100,1400,Gravel,6,1,594,569
2502390.jpg,2100,1400,Gravel,52,230,2070,715
28e1750.jpg,2100,1400,Gravel,636,1,2095,18
2a7aaee.jpg,2100,1400,Gravel,9,773,2012,1393
2aea5d8.jpg,2100,1400,Gravel,292,23,2061,390
2ccd5bc.jpg,2100,1400,Gravel,38,76,2096,1360
2dd98b1.jpg,2100,1400,Gravel,1392,489,2098,490
2f6a908.jpg,2100,1400,Gravel,0,6,732,536
2f7339b.jpg,2100,1400,Gravel,710,1249,2098,1257
30d1662.jpg,2100,1400,Gravel,418,917,1380,1398
322ae35.jpg,2100,1400,Gravel,4,6,2095,1033
3246a16.jpg,2100,1400,Gravel,741,1074,2098,1399
326c95d.jpg,2100,1400,Gravel,25,28,1706,796
35314d1.jpg,2100,1400,Gravel,804,780,2088,907
35c9c03.jpg,2100,1400,Gravel,785,1008,2062,1370
36b798f.jpg,2100,1400,Gravel,127,842,1173,1256
37254b5.jpg,2100,1400,Gravel,433,175,1934,800
37bb4cd.jpg,2100,1400,Gravel,0,1,1071,775
3804b2b.jpg,2100,1400,Gravel,714,774,1641,1240
397c2fd.jpg,2100,1400,Gravel,6,28,1548,1156
3b2d874.jpg,2100,1400,Gravel,195,32,1713,423
3b69197.jpg,2100,1400,Gravel,4,297,2085,1328
3b75975.jpg,2100,1400,Gravel,349,778,1428,1208
3be83a1.jpg,2100,1400,Gravel,11,31,2091,916
3d02a63.jpg,2100,1400,Gravel,13,19,2089,752
3d61ee4.jpg,2100,1400,Gravel,499,22,2003,651
3d8e2cf.jpg,2100,1400,Gravel,25,191,2090,1059
3fb68e9.jpg,2100,1400,Gravel,2,1,1238,978
3ff99a9.jpg,2100,1400,Gravel,0,511,595,1326
40131e7.jpg,2100,1400,Gravel,258,456,648,845
4039e00.jpg,2100,1400,Gravel,121,244,1749,1008
423c22d.jpg,2100,1400,Gravel,186,924,1239,1397
426ac1c.jpg,2100,1400,Gravel,6,7,2093,1396
43b6491.jpg,2100,1400,Gravel,119,64,1456,798
4480aac.jpg,2100,1400,Gravel,2,19,975,1392
44a186f.jpg,2100,1400,Gravel,1293,119,2087,1118
45562a0.jpg,2100,1400,Gravel,296,46,1443,718
463f786.jpg,2100,1400,Gravel,138,345,1371,1370
4752188.jpg,2100,1400,Gravel,773,62,1447,1034
4821d4f.jpg,2100,1400,Gravel,11,35,2058,1001
487511c.jpg,2100,1400,Gravel,56,426,2037,997
48f2ea7.jpg,2100,1400,Gravel,2,4,2098,1054
4969440.jpg,2100,1400,Gravel,62,136,2036,1121
4b0d7f2.jpg,2100,1400,Gravel,866,23,2098,579
4cb22d8.jpg,2100,1400,Gravel,547,656,1463,1044
4cd1196.jpg,2100,1400,Gravel,6,20,1229,599
4ce7229.jpg,2100,1400,Gravel,792,96,2016,853
4d2468a.jpg,2100,1400,Gravel,1233,16,2098,983
4e426e5.jpg,2100,1400,Gravel,35,249,2063,1369
4e80c08.jpg,2100,1400,Gravel,52,76,2098,632
4f1c86a.jpg,2100,1400,Gravel,12,216,1866,1047
4fed565.jpg,2100,1400,Gravel,11,195,1101,1183
50a3d6b.jpg,2100,1400,Gravel,17,242,1305,1367
5283dcf.jpg,2100,1400,Gravel,97,683,2098,1293
5303d92.jpg,2100,1400,Gravel,27,58,2096,786
548b7fa.jpg,2100,1400,Gravel,0,364,2098,1400
5497a47.jpg,2100,1400,Gravel,18,503,1416,1298
551efa2.jpg,2100,1400,Gravel,472,457,2033,1046
55a9951.jpg,2100,1400,Gravel,64,175,1551,711
5615b7f.jpg,2100,1400,Gravel,28,143,1749,676
565ef0f.jpg,2100,1400,Gravel,31,592,1444,1400
57612d3.jpg,2100,1400,Gravel,0,443,528,953
589c00e.jpg,2100,1400,Gravel,322,536,1913,1031
59121a5.jpg,2100,1400,Gravel,0,603,1785,615
5bbdf39.jpg,2100,1400,Gravel,46,1201,1944,1229
5ca94d8.jpg,2100,1400,Gravel,769,7,2098,977
5cf2727.jpg,2100,1400,Gravel,42,40,1419,955
5d1519c.jpg,2100,1400,Gravel,6,15,1515,542
5d16392.jpg,2100,1400,Gravel,387,181,1252,624
5db36c7.jpg,2100,1400,Gravel,1448,568,2098,1016
5f90e8b.jpg,2100,1400,Gravel,137,1,966,340
601eb93.jpg,2100,1400,Gravel,26,23,1293,391
60bac00.jpg,2100,1400,Gravel,35,894,473,1384
61231a7.jpg,2100,1400,Gravel,148,25,1576,923
61c707f.jpg,2100,1400,Gravel,274,438,1051,1138
62c2891.jpg,2100,1400,Gravel,308,1034,2098,1385
640441a.jpg,2100,1400,Gravel,1049,11,2098,397
65c7db7.jpg,2100,1400,Gravel,0,1,1820,945
67080af.jpg,2100,1400,Gravel,5,278,391,855
68b0f6e.jpg,2100,1400,Gravel,673,33,1653,283
69e0742.jpg,2100,1400,Gravel,280,1009,1888,1017
6a0ec46.jpg,2100,1400,Gravel,8,4,726,1380
6bbc505.jpg,2100,1400,Gravel,92,1,1316,100
6c42e31.jpg,2100,1400,Gravel,455,3,1080,862
6c989fb.jpg,2100,1400,Gravel,262,813,2086,1387
6d718bb.jpg,2100,1400,Gravel,513,50,1495,902
6e00753.jpg,2100,1400,Gravel,205,164,1727,1261
6e0858d.jpg,2100,1400,Gravel,0,666,811,1400
6f6c8b5.jpg,2100,1400,Gravel,0,776,1429,1400
6fd86cd.jpg,2100,1400,Gravel,28,1,1304,280
715fcbf.jpg,2100,1400,Gravel,0,198,764,597
7186240.jpg,2100,1400,Gravel,1669,1,2098,562
71b8e92.jpg,2100,1400,Gravel,20,755,1441,1386
73ce86d.jpg,2100,1400,Gravel,583,827,1417,1071
74d06fc.jpg,2100,1400,Gravel,1025,419,2098,873
7555f54.jpg,2100,1400,Gravel,968,364,1953,1314
7610dd9.jpg,2100,1400,Gravel,16,9,2098,1044
77c8016.jpg,2100,1400,Gravel,32,28,1642,653
77fc831.jpg,2100,1400,Gravel,9,17,1044,1208
784b06a.jpg,2100,1400,Gravel,8,13,777,15
79648fa.jpg,2100,1400,Gravel,1156,268,2085,1393
7b31be5.jpg,2100,1400,Gravel,0,353,691,995
7b9ae8c.jpg,2100,1400,Gravel,806,165,1760,859
7d126e6.jpg,2100,1400,Gravel,25,603,1980,1302
7d40df3.jpg,2100,1400,Gravel,135,291,978,823
7dc2ba8.jpg,2100,1400,Gravel,1459,673,2098,676
7e45566.jpg,2100,1400,Gravel,214,144,1875,661
7f04e28.jpg,2100,1400,Gravel,17,51,2098,1361
7fb5cfc.jpg,2100,1400,Gravel,0,278,1997,1161
802cea6.jpg,2100,1400,Gravel,0,4,1684,469
803e366.jpg,2100,1400,Gravel,621,36,2094,1168
806cac6.jpg,2100,1400,Gravel,0,201,1395,1148
81a1d6c.jpg,2100,1400,Gravel,114,537,2044,1164
81fb17b.jpg,2100,1400,Gravel,3,6,1441,851
82a29b3.jpg,2100,1400,Gravel,866,62,1721,762
82f2457.jpg,2100,1400,Gravel,981,160,1993,743
839d9db.jpg,2100,1400,Gravel,800,305,1416,317
86c38ed.jpg,2100,1400,Gravel,71,121,1497,129
885d1dc.jpg,2100,1400,Gravel,357,623,1921,1282
88c8427.jpg,2100,1400,Gravel,66,727,857,1349
8aad2aa.jpg,2100,1400,Gravel,6,8,2093,1396
8c04aab.jpg,2100,1400,Gravel,1322,31,1857,1080
8d3b6cf.jpg,2100,1400,Gravel,39,691,605,1400
8d52bae.jpg,2100,1400,Gravel,114,498,1009,842
8db703a.jpg,2100,1400,Gravel,49,29,1495,559
8dc43a0.jpg,2100,1400,Gravel,85,65,2086,662
8df3d43.jpg,2100,1400,Gravel,1197,284,2061,286
8f02479.jpg,2100,1400,Gravel,9,451,2079,1350
8f4aca5.jpg,2100,1400,Gravel,768,696,2004,1372
9281285.jpg,2100,1400,Gravel,278,854,2098,860
93e44c0.jpg,2100,1400,Gravel,32,521,2098,1400
961cb49.jpg,2100,1400,Gravel,24,67,2098,1020
96b9c17.jpg,2100,1400,Gravel,333,5,2098,29
97ccafb.jpg,2100,1400,Gravel,767,89,2098,755
986602e.jpg,2100,1400,Gravel,806,266,1691,1018
9975e3c.jpg,2100,1400,Gravel,8,640,870,1383
99bf4b0.jpg,2100,1400,Gravel,10,100,2012,1224
9d86b2a.jpg,2100,1400,Gravel,20,17,1290,1281
9fabd44.jpg,2100,1400,Gravel,0,40,563,540
a1f40d5.jpg,2100,1400,Gravel,773,11,1692,228
a20f99e.jpg,2100,1400,Gravel,190,38,2092,552
a25e3ad.jpg,2100,1400,Gravel,1220,78,2080,1369
a316d3c.jpg,2100,1400,Gravel,4,874,1242,1356
a468e06.jpg,2100,1400,Gravel,6,498,1490,758
a49ecf7.jpg,2100,1400,Gravel,388,79,1459,843
a5831b5.jpg,2100,1400,Gravel,590,97,2039,805
a59e4b8.jpg,2100,1400,Gravel,6,921,1000,929
a5bbe51.jpg,2100,1400,Gravel,829,1,2062,129
a627f44.jpg,2100,1400,Gravel,11,7,905,545
a6fd97b.jpg,2100,1400,Gravel,1,689,2098,880
a793a3b.jpg,2100,1400,Gravel,919,243,1837,863
a8aaa93.jpg,2100,1400,Gravel,0,956,1551,1388
a917275.jpg,2100,1400,Gravel,4,1,1128,771
aaf1cc2.jpg,2100,1400,Gravel,127,672,1297,879
ac12e50.jpg,2100,1400,Gravel,730,849,1275,1393
aee1ec2.jpg,2100,1400,Gravel,242,416,1501,1328
aee87f2.jpg,2100,1400,Gravel,0,325,691,691
af4d36b.jpg,2100,1400,Gravel,7,166,1881,1370
afd3da4.jpg,2100,1400,Gravel,0,195,1069,720
b01847b.jpg,2100,1400,Gravel,4,335,527,962
b019e9a.jpg,2100,1400,Gravel,149,306,2098,420
b09b94a.jpg,2100,1400,Gravel,818,25,2098,678
b0bbd2c.jpg,2100,1400,Gravel,4,7,807,1021
b211e2d.jpg,2100,1400,Gravel,1231,622,2098,1157
b23a364.jpg,2100,1400,Gravel,14,1008,1580,1393
b2d1307.jpg,2100,1400,Gravel,363,1045,1497,1387
b3535f9.jpg,2100,1400,Gravel,1498,419,2082,814
b38f975.jpg,2100,1400,Gravel,0,15,2074,409
b548fa2.jpg,2100,1400,Gravel,1221,97,2083,105
b6509bf.jpg,2100,1400,Gravel,34,376,614,679
b65b068.jpg,2100,1400,Gravel,2,3,1910,823
b7e3aba.jpg,2100,1400,Gravel,620,601,1576,617
b9145ee.jpg,2100,1400,Gravel,1436,1064,2098,1390
b93a195.jpg,2100,1400,Gravel,7,39,2098,1370
b9a909a.jpg,2100,1400,Gravel,928,57,1669,1147
bab8aba.jpg,2100,1400,Gravel,0,41,2088,1400
bb4d4fa.jpg,2100,1400,Gravel,516,41,2098,765
bbb65e0.jpg,2100,1400,Gravel,1424,453,2024,1330
bdfdc01.jpg,2100,1400,Gravel,52,890,2062,1379
c0306e5.jpg,2100,1400,Gravel,14,485,1765,1300
c04cc3a.jpg,2100,1400,Gravel,0,1206,1106,1400
c0b77e6.jpg,2100,1400,Gravel,8,571,1004,1066
c0e8adb.jpg,2100,1400,Gravel,82,497,1718,982
c0eea70.jpg,2100,1400,Gravel,3,741,1763,1396
c1add1c.jpg,2100,1400,Gravel,538,1017,1923,1025
c1c05ec.jpg,2100,1400,Gravel,244,34,2085,982
c24c229.jpg,2100,1400,Gravel,0,1,1123,709
c264644.jpg,2100,1400,Gravel,1250,273,2054,1400
c5bbf71.jpg,2100,1400,Gravel,789,258,1402,884
c647f73.jpg,2100,1400,Gravel,544,839,1949,1345
c6a5bcc.jpg,2100,1400,Gravel,17,522,1869,1199
c95c348.jpg,2100,1400,Gravel,2,7,680,718
c9d15e3.jpg,2100,1400,Gravel,828,7,2091,1084
ca55976.jpg,2100,1400,Gravel,192,257,1700,265
ca5f1c6.jpg,2100,1400,Gravel,696,628,1949,1030
ca764be.jpg,2100,1400,Gravel,184,696,820,1158
cb69eaf.jpg,2100,1400,Gravel,0,1,1996,556
cd29cec.jpg,2100,1400,Gravel,0,11,796,1398
cd785d7.jpg,2100,1400,Gravel,167,8,1514,741
cd85660.jpg,2100,1400,Gravel,672,148,1514,846
ce6fb99.jpg,2100,1400,Gravel,127,316,2092,1400
cf773d5.jpg,2100,1400,Gravel,25,591,2098,1375
d02ad72.jpg,2100,1400,Gravel,877,63,1901,828
d02e8ef.jpg,2100,1400,Gravel,31,678,753,1325
d03df83.jpg,2100,1400,Gravel,1354,11,2098,483
d0f048a.jpg,2100,1400,Gravel,28,34,1954,1376
d2c5a99.jpg,2100,1400,Gravel,594,261,1436,1373
d543bde.jpg,2100,1400,Gravel,359,863,1899,1375
d5a17de.jpg,2100,1400,Gravel,218,39,1376,941
d8a0a70.jpg,2100,1400,Gravel,1452,7,2067,538
d909014.jpg,2100,1400,Gravel,0,1,1618,446
d9a478b.jpg,2100,1400,Gravel,356,19,1332,1049
d9c53a7.jpg,2100,1400,Gravel,43,494,1013,1390
d9f3a39.jpg,2100,1400,Gravel,0,322,1390,616
dad44e0.jpg,2100,1400,Gravel,16,179,1889,1377
dbb07a3.jpg,2100,1400,Gravel,375,98,2098,952
dbe7fef.jpg,2100,1400,Gravel,17,26,1419,875
dbfb770.jpg,2100,1400,Gravel,933,12,1878,765
dcd0238.jpg,2100,1400,Gravel,201,514,1774,1076
dcdbd73.jpg,2100,1400,Gravel,9,10,2098,1398
dd14bd1.jpg,2100,1400,Gravel,547,284,1375,1053
dd4459d.jpg,2100,1400,Gravel,6,214,839,785
dd5038a.jpg,2100,1400,Gravel,159,3,1736,489
dd9e131.jpg,2100,1400,Gravel,87,11,936,951
dde4feb.jpg,2100,1400,Gravel,44,83,1747,1242
ddf11b5.jpg,2100,1400,Gravel,41,416,1939,1306
df1687a.jpg,2100,1400,Gravel,681,172,1661,176
df426c2.jpg,2100,1400,Gravel,1165,445,2076,1008
e1723b2.jpg,2100,1400,Gravel,199,647,1304,1282
e358c18.jpg,2100,1400,Gravel,0,578,824,1398
e425066.jpg,2100,1400,Gravel,438,139,1823,1159
e43d269.jpg,2100,1400,Gravel,29,27,1719,1109
e48ea19.jpg,2100,1400,Gravel,537,332,2090,991
e4cfc6e.jpg,2100,1400,Gravel,3,704,916,1375
e520063.jpg,2100,1400,Gravel,823,105,2096,866
eadc645.jpg,2100,1400,Gravel,180,267,1805,1012
eb4fbdc.jpg,2100,1400,Gravel,834,536,2080,1059
ec0d7d2.jpg,2100,1400,Gravel,1639,419,2098,1162
ecd5445.jpg,2100,1400,Gravel,647,471,1548,842
ee14cd5.jpg,2100,1400,Gravel,14,14,2098,1400
ee2d222.jpg,2100,1400,Gravel,81,1,2098,151
f00c269.jpg,2100,1400,Gravel,984,32,1805,364
f0188ae.jpg,2100,1400,Gravel,5,710,229,1182
f03b8c0.jpg,2100,1400,Gravel,4,831,866,1336
f0e1b47.jpg,2100,1400,Gravel,560,812,2096,1195
f0f67be.jpg,2100,1400,Gravel,515,617,1146,817
f1da432.jpg,2100,1400,Gravel,23,19,2098,478
f3a06e8.jpg,2100,1400,Gravel,980,1,2098,661
f45b63b.jpg,2100,1400,Gravel,4,22,967,1143
f4f9be2.jpg,2100,1400,Gravel,26,602,1716,1026
f5c3d73.jpg,2100,1400,Gravel,5,999,1033,1393
f809046.jpg,2100,1400,Gravel,15,60,852,831
f8fc49c.jpg,2100,1400,Gravel,55,23,1205,49
fccd58d.jpg,2100,1400,Gravel,14,34,2098,1050
fe9eefc.jpg,2100,1400,Gravel,0,3,1683,1257
ff8401a.jpg,2100,1400,Gravel,39,34,993,921
008233e.jpg,2100,1400,Sugar,650,449,1719,1278
0095357.jpg,2100,1400,Sugar,1255,754,1765,1127
00d4443.jpg,2100,1400,Sugar,50,287,1832,1093
0104b5b.jpg,2100,1400,Sugar,221,608,2098,1248
044b59c.jpg,2100,1400,Sugar,22,1179,2081,1385
046586a.jpg,2100,1400,Sugar,1067,46,2014,471
0493d31.jpg,2100,1400,Sugar,420,145,1042,905
05e67a7.jpg,2100,1400,Sugar,0,529,2096,1384
05ea471.jpg,2100,1400,Sugar,5,5,1532,1128
061cda5.jpg,2100,1400,Sugar,538,980,1846,1315
06d6a41.jpg,2100,1400,Sugar,6,388,2098,1082
0778609.jpg,2100,1400,Sugar,422,425,2084,427
0799206.jpg,2100,1400,Sugar,461,521,2094,551
087f98b.jpg,2100,1400,Sugar,182,19,1216,814
094e354.jpg,2100,1400,Sugar,80,212,714,217
0966d21.jpg,2100,1400,Sugar,0,495,2085,1049
0a914ab.jpg,2100,1400,Sugar,3,81,1858,855
0b6e69c.jpg,2100,1400,Sugar,168,454,2051,997
0c0e600.jpg,2100,1400,Sugar,0,726,665,1400
0cd0a7d.jpg,2100,1400,Sugar,45,577,1719,1122
0fb64d9.jpg,2100,1400,Sugar,6,317,1345,859
10f21b7.jpg,2100,1400,Sugar,192,810,1671,813
10f4f4c.jpg,2100,1400,Sugar,0,296,1343,728
1120e13.jpg,2100,1400,Sugar,87,1016,1305,1265
1130091.jpg,2100,1400,Sugar,12,610,1055,1400
131fd60.jpg,2100,1400,Sugar,4,18,2084,520
13ab789.jpg,2100,1400,Sugar,0,1,2098,315
144d4a8.jpg,2100,1400,Sugar,99,639,2090,774
14a977b.jpg,2100,1400,Sugar,1760,759,2095,1399
1504549.jpg,2100,1400,Sugar,775,761,2098,948
1567149.jpg,2100,1400,Sugar,21,647,2096,1022
176650e.jpg,2100,1400,Sugar,12,13,1471,530
177cd56.jpg,2100,1400,Sugar,503,95,1541,755
17d8926.jpg,2100,1400,Sugar,25,16,2082,55
182eb06.jpg,2100,1400,Sugar,3,8,1610,409
1837609.jpg,2100,1400,Sugar,1566,914,2098,1075
18859af.jpg,2100,1400,Sugar,138,1007,895,1380
1959481.jpg,2100,1400,Sugar,328,901,1375,1199
19e15d2.jpg,2100,1400,Sugar,13,1,822,389
1a7dc3f.jpg,2100,1400,Sugar,108,862,2098,1335
1acf83c.jpg,2100,1400,Sugar,20,867,872,1382
1c2a208.jpg,2100,1400,Sugar,0,73,879,791
1c3a47b.jpg,2100,1400,Sugar,987,287,2098,1393
1c675c8.jpg,2100,1400,Sugar,0,1,1290,649
1d03a48.jpg,2100,1400,Sugar,119,1116,1420,1328
1dacc16.jpg,2100,1400,Sugar,374,484,967,938
1dad1e6.jpg,2100,1400,Sugar,1555,13,2096,405
1dea855.jpg,2100,1400,Sugar,819,174,2098,1138
1df3c2c.jpg,2100,1400,Sugar,22,20,1507,771
1ecd287.jpg,2100,1400,Sugar,0,649,1551,1397
215983c.jpg,2100,1400,Sugar,14,738,2076,1400
21b750d.jpg,2100,1400,Sugar,1419,433,2098,444
21d8517.jpg,2100,1400,Sugar,0,70,864,734
22eca9b.jpg,2100,1400,Sugar,11,552,1046,918
23162da.jpg,2100,1400,Sugar,728,432,2088,1364
23d2127.jpg,2100,1400,Sugar,5,1,397,765
2404bd2.jpg,2100,1400,Sugar,41,423,2088,1184
247f10c.jpg,2100,1400,Sugar,24,610,1523,1379
248b43c.jpg,2100,1400,Sugar,14,701,1954,1237
25500bf.jpg,2100,1400,Sugar,90,356,940,916
2670dc1.jpg,2100,1400,Sugar,189,915,2065,1389
26a1574.jpg,2100,1400,Sugar,1479,30,2098,233
26b5ee8.jpg,2100,1400,Sugar,764,732,939,1227
26ca2e3.jpg,2100,1400,Sugar,1521,14,1872,382
280fb45.jpg,2100,1400,Sugar,1535,94,2098,1400
2882cd5.jpg,2100,1400,Sugar,539,569,2098,1314
296af3d.jpg,2100,1400,Sugar,42,305,1247,314
2ae6637.jpg,2100,1400,Sugar,149,501,1329,523
2bccb00.jpg,2100,1400,Sugar,801,881,1939,1340
2bee378.jpg,2100,1400,Sugar,1,2,2041,1088
2c69237.jpg,2100,1400,Sugar,6,70,1059,769
2cfb285.jpg,2100,1400,Sugar,1312,598,2031,1338
2d505dd.jpg,2100,1400,Sugar,26,975,1619,1233
2d9da73.jpg,2100,1400,Sugar,761,495,2045,1080
2de004a.jpg,2100,1400,Sugar,383,1077,1831,1382
2e62e3b.jpg,2100,1400,Sugar,1426,689,2090,690
2e8af54.jpg,2100,1400,Sugar,89,15,2070,905
2f88878.jpg,2100,1400,Sugar,9,690,1845,1367
3012bed.jpg,2100,1400,Sugar,1289,353,2054,812
301eb76.jpg,2100,1400,Sugar,0,356,2054,1143
305086e.jpg,2100,1400,Sugar,139,25,1756,606
3076b4f.jpg,2100,1400,Sugar,400,315,764,849
3078e1f.jpg,2100,1400,Sugar,696,450,2082,1305
319c0d9.jpg,2100,1400,Sugar,4,818,2098,1306
31b97f2.jpg,2100,1400,Sugar,181,667,2066,1152
324b73e.jpg,2100,1400,Sugar,0,350,792,863
33bb572.jpg,2100,1400,Sugar,0,12,1935,410
33cdcc4.jpg,2100,1400,Sugar,683,761,1482,1242
34009a3.jpg,2100,1400,Sugar,435,678,2098,1250
3509cbc.jpg,2100,1400,Sugar,18,27,1376,592
3555fe9.jpg,2100,1400,Sugar,90,11,1958,1105
35ae0be.jpg,2100,1400,Sugar,103,953,2067,1253
36011e9.jpg,2100,1400,Sugar,453,655,1563,1239
36a83e9.jpg,2100,1400,Sugar,171,35,1529,635
3878f46.jpg,2100,1400,Sugar,0,675,2095,1400
38d89be.jpg,2100,1400,Sugar,3,340,526,954
3b9a844.jpg,2100,1400,Sugar,1100,583,1981,1030
3c1185d.jpg,2100,1400,Sugar,87,53,2055,698
3c799da.jpg,2100,1400,Sugar,1409,535,2091,1387
3c8465e.jpg,2100,1400,Sugar,702,1108,1604,1400
3cbd4df.jpg,2100,1400,Sugar,1204,813,2098,1400
3d1556d.jpg,2100,1400,Sugar,0,586,1413,1128
3de098d.jpg,2100,1400,Sugar,942,795,2096,1277
3e088fa.jpg,2100,1400,Sugar,1197,342,2087,1397
3e3ae9b.jpg,2100,1400,Sugar,1047,198,2098,625
3e7850b.jpg,2100,1400,Sugar,81,219,1519,677
3eab9d4.jpg,2100,1400,Sugar,20,29,1317,1244
3fe10c2.jpg,2100,1400,Sugar,82,424,731,1029
403a9b2.jpg,2100,1400,Sugar,1,95,1333,1013
40b8854.jpg,2100,1400,Sugar,107,377,2094,385
41f92e5.jpg,2100,1400,Sugar,328,315,1732,834
42467ad.jpg,2100,1400,Sugar,441,657,2044,944
42e99c6.jpg,2100,1400,Sugar,1560,633,2098,635
447585b.jpg,2100,1400,Sugar,19,19,1624,1118
44894ca.jpg,2100,1400,Sugar,167,237,2098,490
45371dc.jpg,2100,1400,Sugar,9,563,597,1001
45ce2d0.jpg,2100,1400,Sugar,200,476,459,817
4623c6c.jpg,2100,1400,Sugar,10,269,1216,622
46b9874.jpg,2100,1400,Sugar,23,22,1203,854
46ea5be.jpg,2100,1400,Sugar,4,278,969,912
4701545.jpg,2100,1400,Sugar,723,750,1339,1134
4736d30.jpg,2100,1400,Sugar,20,22,1874,1392
473ca3a.jpg,2100,1400,Sugar,0,1,2099,553
4783deb.jpg,2100,1400,Sugar,622,773,2047,1342
47cc648.jpg,2100,1400,Sugar,137,153,748,635
4818bfb.jpg,2100,1400,Sugar,0,552,2098,1221
48c986a.jpg,2100,1400,Sugar,966,646,1707,1039
48ced4d.jpg,2100,1400,Sugar,0,1,2098,342
49ea7e1.jpg,2100,1400,Sugar,10,24,1507,762
4b26cef.jpg,2100,1400,Sugar,51,660,756,1141
4b46ad5.jpg,2100,1400,Sugar,0,811,1357,1183
4b67f58.jpg,2100,1400,Sugar,37,645,568,1297
4c6e9e9.jpg,2100,1400,Sugar,523,717,951,937
4cad539.jpg,2100,1400,Sugar,510,379,1514,937
4cb97bf.jpg,2100,1400,Sugar,439,652,2087,1222
4cce343.jpg,2100,1400,Sugar,498,370,1671,734
4d19d32.jpg,2100,1400,Sugar,19,191,1066,543
4d1e3ee.jpg,2100,1400,Sugar,216,29,1407,763
4d4a1ee.jpg,2100,1400,Sugar,260,11,2089,290
4d85dfd.jpg,2100,1400,Sugar,1012,467,2079,991
4e3db77.jpg,2100,1400,Sugar,38,275,2098,1364
5044afe.jpg,2100,1400,Sugar,230,1053,1543,1066
508bb22.jpg,2100,1400,Sugar,336,410,2098,676
5092ba5.jpg,2100,1400,Sugar,1615,1057,2098,1400
50c34af.jpg,2100,1400,Sugar,728,647,2098,1263
523a7eb.jpg,2100,1400,Sugar,841,502,2077,980
5265e81.jpg,2100,1400,Sugar,43,30,983,800
538eb3e.jpg,2100,1400,Sugar,4,532,2098,1400
5396cd5.jpg,2100,1400,Sugar,77,156,1455,1061
540fde7.jpg,2100,1400,Sugar,824,530,2098,1400
550b4b2.jpg,2100,1400,Sugar,380,484,2098,679
56609dc.jpg,2100,1400,Sugar,321,25,2098,897
5672ac4.jpg,2100,1400,Sugar,1028,907,2091,1387
56e29f4.jpg,2100,1400,Sugar,94,695,2098,1383
573e737.jpg,2100,1400,Sugar,5,307,790,765
5796eb0.jpg,2100,1400,Sugar,911,372,2098,702
57d6473.jpg,2100,1400,Sugar,1258,394,2010,1343
57f4f80.jpg,2100,1400,Sugar,2,204,1586,954
58b894f.jpg,2100,1400,Sugar,424,809,2093,810
58b8f5f.jpg,2100,1400,Sugar,28,571,2077,1188
58baf3f.jpg,2100,1400,Sugar,1466,21,2069,702
58cafad.jpg,2100,1400,Sugar,0,574,1095,1112
59f6a74.jpg,2100,1400,Sugar,859,1002,2001,1371
5abb7ba.jpg,2100,1400,Sugar,1319,499,2098,1235
5ade33e.jpg,2100,1400,Sugar,540,895,2098,1400
5c47151.jpg,2100,1400,Sugar,694,114,1245,143
5cb17db.jpg,2100,1400,Sugar,183,34,2098,1393
5f767dc.jpg,2100,1400,Sugar,5,946,1034,1162
5fa1cda.jpg,2100,1400,Sugar,674,238,1841,694
60f9b85.jpg,2100,1400,Sugar,7,3,1080,445
612b886.jpg,2100,1400,Sugar,126,805,2098,1229
639f419.jpg,2100,1400,Sugar,0,644,2098,1076
649aecc.jpg,2100,1400,Sugar,1098,595,2080,1225
6690e5e.jpg,2100,1400,Sugar,26,25,517,675
66cda54.jpg,2100,1400,Sugar,13,8,661,632
66f5dfc.jpg,2100,1400,Sugar,264,5,1038,500
6723a7d.jpg,2100,1400,Sugar,1088,626,2065,1400
67caadb.jpg,2100,1400,Sugar,0,109,1055,783
683f89d.jpg,2100,1400,Sugar,283,991,2098,1399
6892a7a.jpg,2100,1400,Sugar,193,678,1536,1291
68da8d1.jpg,2100,1400,Sugar,0,1,1991,799
6949408.jpg,2100,1400,Sugar,1248,1353,2098,1356
695ee81.jpg,2100,1400,Sugar,42,618,2098,1219
6a02287.jpg,2100,1400,Sugar,720,690,1655,1384
6abd5e8.jpg,2100,1400,Sugar,79,944,2088,1323
6b05dcf.jpg,2100,1400,Sugar,12,188,2098,609
6be66c4.jpg,2100,1400,Sugar,0,14,1146,475
6be6b8c.jpg,2100,1400,Sugar,1204,767,1693,1328
6c6aa7f.jpg,2100,1400,Sugar,50,834,1458,1394
6d730a1.jpg,2100,1400,Sugar,161,380,1749,1024
6e02600.jpg,2100,1400,Sugar,544,756,2098,769
6e3f40f.jpg,2100,1400,Sugar,384,7,1816,13
6e8b086.jpg,2100,1400,Sugar,1280,724,2098,1392
6fdf666.jpg,2100,1400,Sugar,828,65,1384,73
7117d86.jpg,2100,1400,Sugar,1463,702,1776,883
713944a.jpg,2100,1400,Sugar,0,1,1487,332
71c4209.jpg,2100,1400,Sugar,38,392,458,1135
71d3832.jpg,2100,1400,Sugar,10,130,903,563
71ecd2d.jpg,2100,1400,Sugar,0,14,2098,724
7221c90.jpg,2100,1400,Sugar,0,778,2098,1400
727fbe5.jpg,2100,1400,Sugar,14,67,2098,1400
73bc1f8.jpg,2100,1400,Sugar,14,738,2097,1366
746443b.jpg,2100,1400,Sugar,0,811,1232,1378
7491717.jpg,2100,1400,Sugar,1336,1129,1600,1137
759d041.jpg,2100,1400,Sugar,1584,1201,2097,1206
7707c7e.jpg,2100,1400,Sugar,6,6,1462,250
79186a5.jpg,2100,1400,Sugar,1782,874,2092,1321
7b39cde.jpg,2100,1400,Sugar,0,741,2098,1400
7b65d41.jpg,2100,1400,Sugar,8,976,491,1391
7bbb7c6.jpg,2100,1400,Sugar,368,424,2063,622
7ef40fc.jpg,2100,1400,Sugar,32,697,2077,713
7ffb5c5.jpg,2100,1400,Sugar,1032,93,1784,429
80a905d.jpg,2100,1400,Sugar,1328,336,2095,976
80ec07d.jpg,2100,1400,Sugar,1,1059,978,1400
8176714.jpg,2100,1400,Sugar,18,275,1263,908
84133eb.jpg,2100,1400,Sugar,412,193,2092,1351
84d202b.jpg,2100,1400,Sugar,765,852,2098,1366
8553a23.jpg,2100,1400,Sugar,0,289,1618,294
858c461.jpg,2100,1400,Sugar,130,705,2098,713
8643e86.jpg,2100,1400,Sugar,409,160,2032,931
8673664.jpg,2100,1400,Sugar,0,536,2098,882
8695732.jpg,2100,1400,Sugar,36,287,1282,1256
86c5896.jpg,2100,1400,Sugar,8,86,710,495
870f5a4.jpg,2100,1400,Sugar,1527,456,2098,928
876ee4b.jpg,2100,1400,Sugar,169,499,2098,502
87fd65c.jpg,2100,1400,Sugar,12,719,894,1262
8857560.jpg,2100,1400,Sugar,1196,883,2096,1390
8876aa9.jpg,2100,1400,Sugar,0,14,2021,850
8975e8e.jpg,2100,1400,Sugar,1224,637,2084,1388
89bd311.jpg,2100,1400,Sugar,0,1,2031,574
8a1d553.jpg,2100,1400,Sugar,221,849,2098,1342
8acbdf5.jpg,2100,1400,Sugar,102,174,985,1098
8b1a525.jpg,2100,1400,Sugar,324,293,1263,1325
8b64432.jpg,2100,1400,Sugar,552,4,2071,379
8b72740.jpg,2100,1400,Sugar,60,22,2094,476
8bf3d51.jpg,2100,1400,Sugar,6,158,1220,479
8c3bb5d.jpg,2100,1400,Sugar,5,71,514,1296
8c49ff9.jpg,2100,1400,Sugar,41,160,1951,849
8c8d3d1.jpg,2100,1400,Sugar,28,78,993,504
8e46e77.jpg,2100,1400,Sugar,0,1,989,648
8e52106.jpg,2100,1400,Sugar,5,205,2097,943
8f04d36.jpg,2100,1400,Sugar,11,3,1627,648
900e3fe.jpg,2100,1400,Sugar,0,32,1096,1085
90c4abe.jpg,2100,1400,Sugar,8,108,1495,790
9138c16.jpg,2100,1400,Sugar,204,124,1772,1173
927a12d.jpg,2100,1400,Sugar,277,799,1556,1312
92fe05b.jpg,2100,1400,Sugar,999,412,2082,712
9348a36.jpg,2100,1400,Sugar,352,1321,2071,1323
9366b81.jpg,2100,1400,Sugar,0,1,1566,552
952e5f1.jpg,2100,1400,Sugar,2,2,1409,1257
95d6699.jpg,2100,1400,Sugar,20,1021,952,1400
95df231.jpg,2100,1400,Sugar,464,24,1697,614
964e0ba.jpg,2100,1400,Sugar,403,1023,1016,1080
97bbcba.jpg,2100,1400,Sugar,1012,689,2086,1349
985d5aa.jpg,2100,1400,Sugar,853,697,2049,1398
9875f2d.jpg,2100,1400,Sugar,28,233,2000,786
9937e8a.jpg,2100,1400,Sugar,560,502,1559,935
994a534.jpg,2100,1400,Sugar,16,14,779,696
997e17f.jpg,2100,1400,Sugar,416,474,2098,1208
99d452e.jpg,2100,1400,Sugar,8,141,2098,668
99dfbdb.jpg,2100,1400,Sugar,12,220,1738,1038
9adb9ca.jpg,2100,1400,Sugar,34,1182,2098,1288
9af850c.jpg,2100,1400,Sugar,45,13,2092,1136
9c3a9b0.jpg,2100,1400,Sugar,974,964,2091,1173
9c867d9.jpg,2100,1400,Sugar,350,1067,2092,1218
9da2f95.jpg,2100,1400,Sugar,147,650,1602,1400
9e79be4.jpg,2100,1400,Sugar,0,243,1957,1007
9e81ffd.jpg,2100,1400,Sugar,657,686,1396,1393
9ef56b9.jpg,2100,1400,Sugar,1288,21,1883,481
9f80b65.jpg,2100,1400,Sugar,485,1,1573,540
a00ab01.jpg,2100,1400,Sugar,23,215,592,1007
a0cd3c9.jpg,2100,1400,Sugar,728,300,1525,372
a1249d9.jpg,2100,1400,Sugar,729,867,1713,1400
a12eef6.jpg,2100,1400,Sugar,0,27,2098,771
a204c20.jpg,2100,1400,Sugar,56,1337,2069,1361
a3ac2e4.jpg,2100,1400,Sugar,665,871,1420,1262
a48b18b.jpg,2100,1400,Sugar,1389,260,2098,986
a4bb4a4.jpg,2100,1400,Sugar,72,136,1467,138
a4c5875.jpg,2100,1400,Sugar,0,1,1167,552
a66252e.jpg,2100,1400,Sugar,6,1117,2078,1391
a66e7d9.jpg,2100,1400,Sugar,988,793,1495,1372
a6bf964.jpg,2100,1400,Sugar,29,69,860,992
a7167a3.jpg,2100,1400,Sugar,54,229,2098,631
a7473f3.jpg,2100,1400,Sugar,418,609,2087,1147
a797193.jpg,2100,1400,Sugar,493,1377,1048,1385
a7b118b.jpg,2100,1400,Sugar,209,91,2098,851
a8d1f61.jpg,2100,1400,Sugar,9,2,869,264
a9cb6e1.jpg,2100,1400,Sugar,5,626,686,1400
ac2e8d6.jpg,2100,1400,Sugar,299,741,2067,1098
ac5a819.jpg,2100,1400,Sugar,1152,329,2098,871
acf6ff3.jpg,2100,1400,Sugar,1090,578,2098,1399
af89c90.jpg,2100,1400,Sugar,0,342,2089,764
b1935e3.jpg,2100,1400,Sugar,61,448,1381,1057
b2097d0.jpg,2100,1400,Sugar,947,745,2098,1081
b2b5a89.jpg,2100,1400,Sugar,26,161,1908,753
b3a5853.jpg,2100,1400,Sugar,807,466,1630,859
b3c509a.jpg,2100,1400,Sugar,1510,1025,2094,1325
b3cc504.jpg,2100,1400,Sugar,15,18,644,913
b3f284b.jpg,2100,1400,Sugar,17,353,2098,935
b54007a.jpg,2100,1400,Sugar,0,30,670,806
b7b34fd.jpg,2100,1400,Sugar,660,11,2085,17
b897fda.jpg,2100,1400,Sugar,0,1,1518,3
b8c9c50.jpg,2100,1400,Sugar,420,134,1247,335
b8f9a9d.jpg,2100,1400,Sugar,35,1,2074,543
b917f16.jpg,2100,1400,Sugar,40,16,2092,17
ba6bf9a.jpg,2100,1400,Sugar,790,162,1627,639
bb75fec.jpg,2100,1400,Sugar,402,519,1940,1146
bb83655.jpg,2100,1400,Sugar,152,198,1497,996
bcb0c6e.jpg,2100,1400,Sugar,0,1,955,927
bcb5d35.jpg,2100,1400,Sugar,2,4,2098,862
bd7a947.jpg,2100,1400,Sugar,1,12,2081,1085
bdf4c34.jpg,2100,1400,Sugar,17,467,944,1047
be4c586.jpg,2100,1400,Sugar,190,103,1305,638
bf0a72d.jpg,2100,1400,Sugar,492,269,2096,848
bf64e04.jpg,2100,1400,Sugar,49,333,1046,1208
c036705.jpg,2100,1400,Sugar,911,1,1915,353
c05a932.jpg,2100,1400,Sugar,0,838,531,1296
c0d5a4c.jpg,2100,1400,Sugar,3,10,2035,1400
c237a46.jpg,2100,1400,Sugar,819,282,1272,672
c314807.jpg,2100,1400,Sugar,54,354,1530,729
c329bfc.jpg,2100,1400,Sugar,1161,486,2053,1288
c382f3e.jpg,2100,1400,Sugar,18,620,1095,1364
c390eb1.jpg,2100,1400,Sugar,28,878,2080,1380
c3ea016.jpg,2100,1400,Sugar,841,755,1895,1195
c51d959.jpg,2100,1400,Sugar,932,765,1398,1168
c51fd3f.jpg,2100,1400,Sugar,2,370,1131,1278
c62eadf.jpg,2100,1400,Sugar,1248,547,2098,1400
c651b18.jpg,2100,1400,Sugar,223,455,1949,1383
c6b1b36.jpg,2100,1400,Sugar,4,358,2010,558
c74feec.jpg,2100,1400,Sugar,7,251,2097,985
c750336.jpg,2100,1400,Sugar,439,326,889,1152
c76d9e7.jpg,2100,1400,Sugar,0,257,984,1098
c98dd56.jpg,2100,1400,Sugar,882,510,2056,852
c9aac6d.jpg,2100,1400,Sugar,365,474,750,845
cb55d50.jpg,2100,1400,Sugar,571,294,1871,888
cb6af0a.jpg,2100,1400,Sugar,265,837,1979,1400
cb9f77b.jpg,2100,1400,Sugar,5,919,2098,1376
cc1c876.jpg,2100,1400,Sugar,559,942,1664,1384
cce531c.jpg,2100,1400,Sugar,6,222,1002,863
cd564f5.jpg,2100,1400,Sugar,1069,723,1698,1148
cee4619.jpg,2100,1400,Sugar,0,363,1277,821
d00fef2.jpg,2100,1400,Sugar,423,575,1115,1152
d013d78.jpg,2100,1400,Sugar,14,1,1637,932
d0e6d99.jpg,2100,1400,Sugar,0,602,2015,1400
d1aeb17.jpg,2100,1400,Sugar,27,13,1770,1154
d22eb8a.jpg,2100,1400,Sugar,655,980,1785,1390
d265d38.jpg,2100,1400,Sugar,0,10,1591,993
d2a42ee.jpg,2100,1400,Sugar,1403,31,2098,785
d2e0f14.jpg,2100,1400,Sugar,390,167,989,716
d31af98.jpg,2100,1400,Sugar,160,109,762,608
d31f11f.jpg,2100,1400,Sugar,32,588,735,1013
d35d04f.jpg,2100,1400,Sugar,4,1,2098,494
d3998ec.jpg,2100,1400,Sugar,16,726,2098,1303
d3cc177.jpg,2100,1400,Sugar,233,588,2098,1170
d3fae91.jpg,2100,1400,Sugar,551,87,1896,748
d43600c.jpg,2100,1400,Sugar,432,697,2098,1113
d4437b2.jpg,2100,1400,Sugar,176,833,623,841
d578db5.jpg,2100,1400,Sugar,580,536,2098,1400
d5ec889.jpg,2100,1400,Sugar,1255,760,2057,1369
d744e88.jpg,2100,1400,Sugar,590,29,1979,779
d8a17b7.jpg,2100,1400,Sugar,6,13,1365,948
d9152f3.jpg,2100,1400,Sugar,0,960,982,1364
d9989e9.jpg,2100,1400,Sugar,267,15,1623,1082
da6473a.jpg,2100,1400,Sugar,1478,10,1964,228
daa66ca.jpg,2100,1400,Sugar,810,731,2098,1391
dacc798.jpg,2100,1400,Sugar,20,923,2098,1360
dbea334.jpg,2100,1400,Sugar,39,477,1086,1383
dbec899.jpg,2100,1400,Sugar,495,1180,1861,1384
dd51e1a.jpg,2100,1400,Sugar,740,578,1488,940
dd9573c.jpg,2100,1400,Sugar,1423,661,2098,1202
dd9eff5.jpg,2100,1400,Sugar,13,10,2084,951
ddeed22.jpg,2100,1400,Sugar,5,5,1488,284
de030e6.jpg,2100,1400,Sugar,869,19,2088,889
df0d5e6.jpg,2100,1400,Sugar,1,13,1880,1385
df6b3a7.jpg,2100,1400,Sugar,1034,471,2098,1031
e07e5de.jpg,2100,1400,Sugar,355,10,2097,337
e0a1ece.jpg,2100,1400,Sugar,13,391,897,838
e0c2dd0.jpg,2100,1400,Sugar,561,91,1787,875
e1afaa9.jpg,2100,1400,Sugar,0,250,1931,1308
e2b400c.jpg,2100,1400,Sugar,9,172,1289,950
e3b3009.jpg,2100,1400,Sugar,1001,1023,2090,1291
e3c4dc6.jpg,2100,1400,Sugar,5,8,495,369
e51e143.jpg,2100,1400,Sugar,948,976,2098,1400
e545d29.jpg,2100,1400,Sugar,1273,2,2098,1086
e6da870.jpg,2100,1400,Sugar,20,868,706,1400
e6fb241.jpg,2100,1400,Sugar,641,965,1739,1400
e70a74e.jpg,2100,1400,Sugar,35,111,1615,703
e798b9b.jpg,2100,1400,Sugar,1125,37,2088,577
e7a9377.jpg,2100,1400,Sugar,0,18,1782,370
e7aaa40.jpg,2100,1400,Sugar,3,5,2098,1392
e83d2c5.jpg,2100,1400,Sugar,176,642,1482,1339
e8a1f59.jpg,2100,1400,Sugar,580,897,1448,1390
e8c8845.jpg,2100,1400,Sugar,1229,370,2081,1014
eb0e579.jpg,2100,1400,Sugar,114,409,1693,1337
ec21516.jpg,2100,1400,Sugar,4,149,1927,915
ed62113.jpg,2100,1400,Sugar,676,697,2096,716
eea8479.jpg,2100,1400,Sugar,0,5,939,1400
efa02f6.jpg,2100,1400,Sugar,888,782,2051,1392
f060049.jpg,2100,1400,Sugar,363,771,2087,1239
f1e16bc.jpg,2100,1400,Sugar,0,1,319,617
f31ad02.jpg,2100,1400,Sugar,453,369,1012,711
f3d3997.jpg,2100,1400,Sugar,13,878,1539,1366
f468aa3.jpg,2100,1400,Sugar,270,172,1962,644
f4dc2aa.jpg,2100,1400,Sugar,856,468,2041,993
f507eab.jpg,2100,1400,Sugar,116,408,2078,984
f56c497.jpg,2100,1400,Sugar,330,645,1631,1063
f6140e8.jpg,2100,1400,Sugar,1182,767,1885,1392
f658b5c.jpg,2100,1400,Sugar,7,424,586,1182
f679d83.jpg,2100,1400,Sugar,3,12,1815,706
f6af9ef.jpg,2100,1400,Sugar,83,806,2093,1155
f6b0528.jpg,2100,1400,Sugar,923,605,1640,1382
f6dabb4.jpg,2100,1400,Sugar,1266,364,2098,884
f70c98c.jpg,2100,1400,Sugar,38,1105,1635,1372
f7bf7ed.jpg,2100,1400,Sugar,27,99,2098,1400
f894de0.jpg,2100,1400,Sugar,523,616,1307,951
f89ae7c.jpg,2100,1400,Sugar,14,1,526,500
f8be7a4.jpg,2100,1400,Sugar,886,1097,1782,1099
f924621.jpg,2100,1400,Sugar,11,517,884,1001
f934fd7.jpg,2100,1400,Sugar,46,47,2098,55
fa569dc.jpg,2100,1400,Sugar,87,316,1255,1326
fb87ac4.jpg,2100,1400,Sugar,376,667,1224,962
fc15eb7.jpg,2100,1400,Sugar,0,1,744,1010
fcf5591.jpg,2100,1400,Sugar,16,593,940,1126
fd1610d.jpg,2100,1400,Sugar,405,636,810,1046
fd16a89.jpg,2100,1400,Sugar,9,521,2098,1076
fd7295d.jpg,2100,1400,Sugar,33,197,1116,959
fd90801.jpg,2100,1400,Sugar,426,201,1634,846
fda2110.jpg,2100,1400,Sugar,628,309,2090,336
ffd3dfb.jpg,2100,1400,Sugar,9,291,1850,719
